{
  "id": "3534086",
  "name": "UJS-论坛",
  "font_family": "iconfont",
  "css_prefix_text": "icon-",
  "description": "",
  "glyphs": [
    {
      "icon_id": "15933094",
      "name": "微信",
      "font_class": "weixin",
      "unicode": "e607",
      "unicode_decimal": 58887
    },
    {
      "icon_id": "77828",
      "name": "收藏",
      "font_class": "shoucang",
      "unicode": "e600",
      "unicode_decimal": 58880
    },
    {
      "icon_id": "145727",
      "name": "搜索_填充",
      "font_class": "sousuotianchong",
      "unicode": "e694",
      "unicode_decimal": 59028
    },
    {
      "icon_id": "201228",
      "name": "3.1我的",
      "font_class": "31wode",
      "unicode": "e601",
      "unicode_decimal": 58881
    },
    {
      "icon_id": "765290",
      "name": "我的",
      "font_class": "shouye",
      "unicode": "e615",
      "unicode_decimal": 58901
    },
    {
      "icon_id": "7450641",
      "name": "搜索",
      "font_class": "sousuo",
      "unicode": "e665",
      "unicode_decimal": 58981
    },
    {
      "icon_id": "9810493",
      "name": "首页",
      "font_class": "shouye1",
      "unicode": "e633",
      "unicode_decimal": 58931
    },
    {
      "icon_id": "10226083",
      "name": "我的",
      "font_class": "wode",
      "unicode": "e625",
      "unicode_decimal": 58917
    },
    {
      "icon_id": "11372706",
      "name": "搜索",
      "font_class": "sousuo1",
      "unicode": "e8b9",
      "unicode_decimal": 59577
    },
    {
      "icon_id": "11372777",
      "name": "收藏",
      "font_class": "shoucang1",
      "unicode": "e8c6",
      "unicode_decimal": 59590
    },
    {
      "icon_id": "12037060",
      "name": "首页",
      "font_class": "shouye2",
      "unicode": "e759",
      "unicode_decimal": 59225
    },
    {
      "icon_id": "12316654",
      "name": "授权",
      "font_class": "shouquan",
      "unicode": "e61f",
      "unicode_decimal": 58911
    },
    {
      "icon_id": "15077423",
      "name": "分类",
      "font_class": "fenlei",
      "unicode": "e638",
      "unicode_decimal": 58936
    },
    {
      "icon_id": "15838485",
      "name": "home",
      "font_class": "home",
      "unicode": "e674",
      "unicode_decimal": 58996
    },
    {
      "icon_id": "15838547",
      "name": "user",
      "font_class": "user",
      "unicode": "e682",
      "unicode_decimal": 59010
    },
    {
      "icon_id": "15838606",
      "name": "user-filling",
      "font_class": "user-filling",
      "unicode": "e68b",
      "unicode_decimal": 59019
    },
    {
      "icon_id": "15838619",
      "name": "home-filling",
      "font_class": "home-filling",
      "unicode": "e68d",
      "unicode_decimal": 59021
    },
    {
      "icon_id": "19739012",
      "name": "首页",
      "font_class": "shouye3",
      "unicode": "f1a7",
      "unicode_decimal": 61863
    },
    {
      "icon_id": "27188591",
      "name": "feedback",
      "font_class": "feedback",
      "unicode": "e626",
      "unicode_decimal": 58918
    },
    {
      "icon_id": "29657624",
      "name": "我的",
      "font_class": "wode1",
      "unicode": "e68e",
      "unicode_decimal": 59022
    },
    {
      "icon_id": "29959481",
      "name": "首页",
      "font_class": "shouye4",
      "unicode": "100d9",
      "unicode_decimal": 65753
    }
  ]
}
